Channel_cebp,Channel_dapi,Channel_ppar,Count_nuclei,ExecutionTime_01Images,ExecutionTime_02Metadata,ExecutionTime_03NamesAndTypes,ExecutionTime_04Groups,ExecutionTime_05IdentifyPrimaryObjects,ExecutionTime_06ConvertObjectsToImage,ExecutionTime_08MeasureObjectIntensity,ExecutionTime_09MeasureObjectSizeShape,FileName_cebp,FileName_dapi,FileName_ppar,Frame_cebp,Frame_dapi,Frame_ppar,Group_Index,Group_Number,Height_cebp,Height_dapi,Height_ppar,ImageNumber,ImageSet_ImageSet,MD5Digest_cebp,MD5Digest_dapi,MD5Digest_ppar,Metadata_ChannelNumber,Metadata_FileLocation,Metadata_Frame,Metadata_Plate,Metadata_Series,Metadata_Site,Metadata_Well,ModuleError_01Images,ModuleError_02Metadata,ModuleError_03NamesAndTypes,ModuleError_04Groups,ModuleError_05IdentifyPrimaryObjects,ModuleError_06ConvertObjectsToImage,ModuleError_08MeasureObjectIntensity,ModuleError_09MeasureObjectSizeShape,PathName_cebp,PathName_dapi,PathName_ppar,ProcessingStatus,Scaling_cebp,Scaling_dapi,Scaling_ppar,Series_cebp,Series_dapi,Series_ppar,Threshold_FinalThreshold_nuclei,Threshold_OrigThreshold_nuclei,Threshold_SumOfEntropies_nuclei,Threshold_WeightedVariance_nuclei,URL_cebp,URL_dapi,URL_ppar,Width_cebp,Width_dapi,Width_ppar
-1,-1,-1,174.0,0,0,8.1875,0,76.078125,20.65625,54.8125,208.828125,img168-c2.tiff,img168-c1.tiff,img168-c3.tiff,0,0,0,1,1,5719,5719,5719,1,eLvF0GkKGy28qd0RHi27yQi00cKcjEAzplaggXKrHQAqPzz6,6b170ea125b9871b8c3d16efa45b20e9,c1aa3ecead7edadecff934b1a38453e7,18cf19692f71a981f77acb538b077c26,nan,nan,0,nan,0,nan,nan,0,0,0,0,0,0,0,0,Z:\TAD\190603_3t3l1_timecourse\t0\63kb_imbs,Z:\TAD\190603_3t3l1_timecourse\t0\63kb_imbs,Z:\TAD\190603_3t3l1_timecourse\t0\63kb_imbs,Done,65535,65535,65535,0,0,0,0.06861768721137196,0.06861768721137196,-12.648580886461698,0.3769602599636632,file:///Z:/TAD/190603_3t3l1_timecourse/t0/63kb_imbs/img168-c2.tiff,file:///Z:/TAD/190603_3t3l1_timecourse/t0/63kb_imbs/img168-c1.tiff,file:///Z:/TAD/190603_3t3l1_timecourse/t0/63kb_imbs/img168-c3.tiff,5676,5676,5676
-1,-1,-1,161.0,0,0,11.0625,0,120.53125,20.6875,52.359375,221.546875,img169-c2.tiff,img169-c1.tiff,img169-c3.tiff,0,0,0,2,1,5709,5709,5709,2,eLvF0GkKGy28qdoRthwtu8kKtNHCnIxAM6ZWoIFyqx0ALtE8/Q==,ebcd4ed5513f1da078a1ea367b98ec21,f89f898761aa1247d3b67ea7ac707325,a8e886e0a90226394c329578e45dd772,nan,nan,0,nan,0,nan,nan,0,0,0,0,0,0,0,0,Z:\TAD\190603_3t3l1_timecourse\t0\63kb_imbs,Z:\TAD\190603_3t3l1_timecourse\t0\63kb_imbs,Z:\TAD\190603_3t3l1_timecourse\t0\63kb_imbs,Done,65535,65535,65535,0,0,0,0.05229225172661245,0.05229225172661245,-12.372910368095038,0.5320691675501744,file:///Z:/TAD/190603_3t3l1_timecourse/t0/63kb_imbs/img169-c2.tiff,file:///Z:/TAD/190603_3t3l1_timecourse/t0/63kb_imbs/img169-c1.tiff,file:///Z:/TAD/190603_3t3l1_timecourse/t0/63kb_imbs/img169-c3.tiff,5702,5702,5702
-1,-1,-1,245.0,0,0,11.609375,0,122.921875,22.109375,63.765625,229.046875,img170-c2.tiff,img170-c1.tiff,img170-c3.tiff,0,0,0,3,1,5707,5707,5707,3,eLvF0GkKGy28qdkRNjcYLbvJCrTRwpyMQDOmVqCBcqsdAApEPOU=,8d2051674647395e077e8c0f3fa3503a,41df17494a85e7818bf854f9fae28534,8f40cbd91daa7b242343484573373af8,nan,nan,0,nan,0,nan,nan,0,0,0,0,0,0,0,0,Z:\TAD\190603_3t3l1_timecourse\t0\63kb_imbs,Z:\TAD\190603_3t3l1_timecourse\t0\63kb_imbs,Z:\TAD\190603_3t3l1_timecourse\t0\63kb_imbs,Done,65535,65535,65535,0,0,0,0.0878843271639198,0.0878843271639198,-12.380379926081105,0.5564270315361289,file:///Z:/TAD/190603_3t3l1_timecourse/t0/63kb_imbs/img170-c2.tiff,file:///Z:/TAD/190603_3t3l1_timecourse/t0/63kb_imbs/img170-c1.tiff,file:///Z:/TAD/190603_3t3l1_timecourse/t0/63kb_imbs/img170-c3.tiff,5695,5695,5695
-1,-1,-1,176.0,0,0,11.328125,0,121.796875,20.59375,53.046875,219.9375,img171-c2.tiff,img171-c1.tiff,img171-c3.tiff,0,0,0,4,1,5714,5714,5714,4,eLvF0GkKGy28qdkRNjccLbvJCrTRwpyMQDOmVqCBcqsdAA7WPOg=,5fa5d946162502978227e76c8aea487f,5255ddc8a96c0f14a7c43afd5eed941f,9b841b9b473fd3f113478e1da0c6e9fa,nan,nan,0,nan,0,nan,nan,0,0,0,0,0,0,0,0,Z:\TAD\190603_3t3l1_timecourse\t0\63kb_imbs,Z:\TAD\190603_3t3l1_timecourse\t0\63kb_imbs,Z:\TAD\190603_3t3l1_timecourse\t0\63kb_imbs,Done,65535,65535,65535,0,0,0,0.07003988628275692,0.07003988628275692,-12.472235174888809,0.5800052450742406,file:///Z:/TAD/190603_3t3l1_timecourse/t0/63kb_imbs/img171-c2.tiff,file:///Z:/TAD/190603_3t3l1_timecourse/t0/63kb_imbs/img171-c1.tiff,file:///Z:/TAD/190603_3t3l1_timecourse/t0/63kb_imbs/img171-c3.tiff,5709,5709,5709
-1,-1,-1,32.0,0,0,6.09375,0,18.34375,5.171875,12.28125,52.46875,img1801-c2.tiff,img1801-c1.tiff,img1801-c3.tiff,0,0,0,5,1,2048,2048,2048,5,eLvF0GkKGy28qdsdMhwtvMkLtdHinJxQM6ZWqIEyrB0AWho+KQ==,3abb3366ffb889b97b7729f7f925a978,6b84ec802ed8af2bf8beb45babab43db,f4b323d65a867145300fed4d04e92bb2,nan,nan,0,nan,0,nan,nan,0,0,0,0,0,0,0,0,Z:\TAD\190603_3t3l1_timecourse\t2d\8kb_imgs,Z:\TAD\190603_3t3l1_timecourse\t2d\8kb_imgs,Z:\TAD\190603_3t3l1_timecourse\t2d\8kb_imgs,Done,65535,65535,65535,0,0,0,0.05258518969640136,0.05258518969640136,-12.634222721957133,0.45082636654987596,file:///Z:/TAD/190603_3t3l1_timecourse/t2d/8kb_imgs/img1801-c2.tiff,file:///Z:/TAD/190603_3t3l1_timecourse/t2d/8kb_imgs/img1801-c1.tiff,file:///Z:/TAD/190603_3t3l1_timecourse/t2d/8kb_imgs/img1801-c3.tiff,2048,2048,2048
-1,-1,-1,30.0,0,0,6.78125,0,15.109375,5.046875,11.359375,51.875,img1803-c2.tiff,img1803-c1.tiff,img1803-c3.tiff,0,0,0,6,1,2048,2048,2048,6,eLvF0GkKGy28qdsdMh4tvMkLtdHinJxQM6ZWqIEyrB0AY0Q+Lw==,fc7a8b70532c7a9b1dc9dd71fb458633,e5957307545e8b852093833bab4918a3,3d08f0710684bba5fd0c82bfef9935ac,nan,nan,0,nan,0,nan,nan,0,0,0,0,0,0,0,0,Z:\TAD\190603_3t3l1_timecourse\t2d\8kb_imgs,Z:\TAD\190603_3t3l1_timecourse\t2d\8kb_imgs,Z:\TAD\190603_3t3l1_timecourse\t2d\8kb_imgs,Done,65535,65535,65535,0,0,0,0.05132125096861273,0.05132125096861273,-12.779871813729716,0.4476444807784077,file:///Z:/TAD/190603_3t3l1_timecourse/t2d/8kb_imgs/img1803-c2.tiff,file:///Z:/TAD/190603_3t3l1_timecourse/t2d/8kb_imgs/img1803-c1.tiff,file:///Z:/TAD/190603_3t3l1_timecourse/t2d/8kb_imgs/img1803-c3.tiff,2048,2048,2048
-1,-1,-1,34.0,0,0,6.5,0,17.015625,5.203125,11.46875,54.609375,img1804-c2.tiff,img1804-c1.tiff,img1804-c3.tiff,0,0,0,7,1,2048,2048,2048,7,eLvF0GkKGy28R7tDgyLURotzckLNmFqhBsqwdgBn2T4y,dfede0f14f9202b6063ae11ec236668c,36093552d0d4ad8c1b121c2043c98aba,332a7c915bec0d24c891e086c6ae6e99,nan,nan,0,nan,0,nan,nan,0,0,0,0,0,0,0,0,Z:\TAD\190603_3t3l1_timecourse\t2d\8kb_imgs,Z:\TAD\190603_3t3l1_timecourse\t2d\8kb_imgs,Z:\TAD\190603_3t3l1_timecourse\t2d\8kb_imgs,Done,65535,65535,65535,0,0,0,0.0515653210459277,0.0515653210459277,-12.6247431025633,0.31943619367083187,file:///Z:/TAD/190603_3t3l1_timecourse/t2d/8kb_imgs/img1804-c2.tiff,file:///Z:/TAD/190603_3t3l1_timecourse/t2d/8kb_imgs/img1804-c1.tiff,file:///Z:/TAD/190603_3t3l1_timecourse/t2d/8kb_imgs/img1804-c3.tiff,2048,2048,2048
-1,-1,-1,32.0,0,0,6.484375,0,16.546875,5.53125,11.0,51.140625,img1805-c2.tiff,img1805-c1.tiff,img1805-c3.tiff,0,0,0,8,1,2048,2048,2048,8,eLvF0GkKGy28qdsdMh0tvMkLtdHinJxQM6ZWqIEyrB0AbG4+NQ==,087baa7b228c44ea87d6b2a817fa289d,b3a8e84f13592e76261598fdd8b02d78,fcc099190ddcfa119121b88ffe21de93,nan,nan,0,nan,0,nan,nan,0,0,0,0,0,0,0,0,Z:\TAD\190603_3t3l1_timecourse\t2d\8kb_imgs,Z:\TAD\190603_3t3l1_timecourse\t2d\8kb_imgs,Z:\TAD\190603_3t3l1_timecourse\t2d\8kb_imgs,Done,65535,65535,65535,0,0,0,0.05610483011696488,0.05610483011696488,-12.865420697813681,0.3990094019508206,file:///Z:/TAD/190603_3t3l1_timecourse/t2d/8kb_imgs/img1805-c2.tiff,file:///Z:/TAD/190603_3t3l1_timecourse/t2d/8kb_imgs/img1805-c1.tiff,file:///Z:/TAD/190603_3t3l1_timecourse/t2d/8kb_imgs/img1805-c3.tiff,2048,2048,2048
-1,-1,-1,32.0,0,0,6.875,0,16.6875,5.03125,10.78125,49.78125,img1806-c2.tiff,img1806-c1.tiff,img1806-c3.tiff,0,0,0,9,1,2048,2048,2048,9,eLvF0GkKGy28qdsdMhstvMkLtdHinJxQM6ZWqIEyrB0AcQM+OA==,4f5ba83ed4c8a070519247db52da7553,480d1b39ad85827c56f4baf4cdef2cd4,30f44d84ce5d440d16c7e91b81cee3d8,nan,nan,0,nan,0,nan,nan,0,0,0,0,0,0,0,0,Z:\TAD\190603_3t3l1_timecourse\t2d\8kb_imgs,Z:\TAD\190603_3t3l1_timecourse\t2d\8kb_imgs,Z:\TAD\190603_3t3l1_timecourse\t2d\8kb_imgs,Done,65535,65535,65535,0,0,0,0.052163865650072694,0.052163865650072694,-12.329335793936918,0.5255665716560856,file:///Z:/TAD/190603_3t3l1_timecourse/t2d/8kb_imgs/img1806-c2.tiff,file:///Z:/TAD/190603_3t3l1_timecourse/t2d/8kb_imgs/img1806-c1.tiff,file:///Z:/TAD/190603_3t3l1_timecourse/t2d/8kb_imgs/img1806-c3.tiff,2048,2048,2048
-1,-1,-1,22.0,0,0,6.859375,0,17.53125,5.28125,9.90625,50.453125,img181-c2.tiff,img181-c1.tiff,img181-c3.tiff,0,0,0,10,1,2048,2048,2048,10,eLvF0GkKGy28qdumGi27yQq00cKcjEAzplaggXKrHQAm8z2Z,f795a83dededf8ead9d1dcc9eb11d40f,2658b1e8db6155657d2dc7baa8f7f466,9f4f62805e852a804cf67fdaa2f92d77,nan,nan,0,nan,0,nan,nan,0,0,0,0,0,0,0,0,Z:\TAD\190603_3t3l1_timecourse\t2d\8kb_imgs,Z:\TAD\190603_3t3l1_timecourse\t2d\8kb_imgs,Z:\TAD\190603_3t3l1_timecourse\t2d\8kb_imgs,Done,65535,65535,65535,0,0,0,0.0598508509574458,0.0598508509574458,-12.643930953398506,0.5837601855564003,file:///Z:/TAD/190603_3t3l1_timecourse/t2d/8kb_imgs/img181-c2.tiff,file:///Z:/TAD/190603_3t3l1_timecourse/t2d/8kb_imgs/img181-c1.tiff,file:///Z:/TAD/190603_3t3l1_timecourse/t2d/8kb_imgs/img181-c3.tiff,2048,2048,2048
-1,-1,-1,23.0,0,0,6.9375,0,16.5625,4.890625,8.8125,48.3125,img1811-c2.tiff,img1811-c1.tiff,img1811-c3.tiff,0,0,0,11,1,2048,2048,2048,11,eLvF0GkKGy28qdumMhwtvMkLtdHinJxQM6ZWqIEyrB0AXrI+LA==,6f31a2c885d2abae92331f450e632348,36483bd23cdef76a2b2eab8fba872128,677382ab2cf0abb88eb56f182f0af55a,nan,nan,0,nan,0,nan,nan,0,0,0,0,0,0,0,0,Z:\TAD\190603_3t3l1_timecourse\t2d\8kb_imgs,Z:\TAD\190603_3t3l1_timecourse\t2d\8kb_imgs,Z:\TAD\190603_3t3l1_timecourse\t2d\8kb_imgs,Done,65535,65535,65535,0,0,0,0.04272726026829332,0.04272726026829332,-12.713778053015458,0.3549320101277331,file:///Z:/TAD/190603_3t3l1_timecourse/t2d/8kb_imgs/img1811-c2.tiff,file:///Z:/TAD/190603_3t3l1_timecourse/t2d/8kb_imgs/img1811-c1.tiff,file:///Z:/TAD/190603_3t3l1_timecourse/t2d/8kb_imgs/img1811-c3.tiff,2048,2048,2048
-1,-1,-1,27.0,0,0,5.75,0,16.265625,5.328125,10.515625,54.078125,img1813-c2.tiff,img1813-c1.tiff,img1813-c3.tiff,0,0,0,12,1,2048,2048,2048,12,eLvF0GkKGy28qdumMh4tvMkLtdHinJxQM6ZWqIEyrB0AZ9w+Mg==,21e592ec312f7ed9d71a0e3a704a88b4,b9eb2989cad9b4abbcab6fd0f1643ec1,e7798e0725e2d98e712426cede0b44ea,nan,nan,0,nan,0,nan,nan,0,0,0,0,0,0,0,0,Z:\TAD\190603_3t3l1_timecourse\t2d\8kb_imgs,Z:\TAD\190603_3t3l1_timecourse\t2d\8kb_imgs,Z:\TAD\190603_3t3l1_timecourse\t2d\8kb_imgs,Done,65535,65535,65535,0,0,0,0.059440488810651004,0.059440488810651004,-12.598296987365725,0.467837128196237,file:///Z:/TAD/190603_3t3l1_timecourse/t2d/8kb_imgs/img1813-c2.tiff,file:///Z:/TAD/190603_3t3l1_timecourse/t2d/8kb_imgs/img1813-c1.tiff,file:///Z:/TAD/190603_3t3l1_timecourse/t2d/8kb_imgs/img1813-c3.tiff,2048,2048,2048
-1,-1,-1,30.0,0,0,6.328125,0,18.03125,5.296875,9.78125,52.65625,img1814-c2.tiff,img1814-c1.tiff,img1814-c3.tiff,0,0,0,13,1,2048,2048,2048,13,eLvF0GkKGy28R9tUgyLURotzckLNmFqhBsqwdgBscT41,be1349cb31e368564a6addf0573326ba,13d60acee9d5d4a5e7a5ea1fe8186011,5fd3a1446af1455045268f83d1f6de39,nan,nan,0,nan,0,nan,nan,0,0,0,0,0,0,0,0,Z:\TAD\190603_3t3l1_timecourse\t2d\8kb_imgs,Z:\TAD\190603_3t3l1_timecourse\t2d\8kb_imgs,Z:\TAD\190603_3t3l1_timecourse\t2d\8kb_imgs,Done,65535,65535,65535,0,0,0,0.04851226008031517,0.04851226008031517,-12.435120632307978,0.4794382122527452,file:///Z:/TAD/190603_3t3l1_timecourse/t2d/8kb_imgs/img1814-c2.tiff,file:///Z:/TAD/190603_3t3l1_timecourse/t2d/8kb_imgs/img1814-c1.tiff,file:///Z:/TAD/190603_3t3l1_timecourse/t2d/8kb_imgs/img1814-c3.tiff,2048,2048,2048
-1,-1,-1,39.0,0,0,6.21875,0,16.609375,5.546875,13.15625,56.78125,img1815-c2.tiff,img1815-c1.tiff,img1815-c3.tiff,0,0,0,14,1,2048,2048,2048,14,eLvF0GkKGy28qdumMh0tvMkLtdHinJxQM6ZWqIEyrB0AcQY+OA==,24d7fecf50deb250df5ac792e8f5baca,a66be3a81c4ccf7724904e48e4a44f7c,8c3b749213e3b47b3d4d6e01afe783aa,nan,nan,0,nan,0,nan,nan,0,0,0,0,0,0,0,0,Z:\TAD\190603_3t3l1_timecourse\t2d\8kb_imgs,Z:\TAD\190603_3t3l1_timecourse\t2d\8kb_imgs,Z:\TAD\190603_3t3l1_timecourse\t2d\8kb_imgs,Done,65535,65535,65535,0,0,0,0.06573189399205148,0.06573189399205148,-12.37730316391516,0.39486356476240303,file:///Z:/TAD/190603_3t3l1_timecourse/t2d/8kb_imgs/img1815-c2.tiff,file:///Z:/TAD/190603_3t3l1_timecourse/t2d/8kb_imgs/img1815-c1.tiff,file:///Z:/TAD/190603_3t3l1_timecourse/t2d/8kb_imgs/img1815-c3.tiff,2048,2048,2048
-1,-1,-1,20.0,0,0,6.40625,0,16.796875,4.96875,8.421875,49.53125,img1816-c2.tiff,img1816-c1.tiff,img1816-c3.tiff,0,0,0,15,1,2048,2048,2048,15,eLvF0GkKGy28qdumMhstvMkLtdHinJxQM6ZWqIEyrB0AdZs+Ow==,da31ea43466b88b0c2ea77d2b0e23662,0efc3d9a0a5e0e83a0ac30478ed382e2,dd7cb69d401e3466d3d9d65766cde4e2,nan,nan,0,nan,0,nan,nan,0,0,0,0,0,0,0,0,Z:\TAD\190603_3t3l1_timecourse\t2d\8kb_imgs,Z:\TAD\190603_3t3l1_timecourse\t2d\8kb_imgs,Z:\TAD\190603_3t3l1_timecourse\t2d\8kb_imgs,Done,65535,65535,65535,0,0,0,0.046105651068501174,0.046105651068501174,-12.460938798588327,0.3116352812289165,file:///Z:/TAD/190603_3t3l1_timecourse/t2d/8kb_imgs/img1816-c2.tiff,file:///Z:/TAD/190603_3t3l1_timecourse/t2d/8kb_imgs/img1816-c1.tiff,file:///Z:/TAD/190603_3t3l1_timecourse/t2d/8kb_imgs/img1816-c3.tiff,2048,2048,2048
-1,-1,-1,21.0,0,0,5.96875,0,17.8125,4.921875,7.453125,49.6875,img1821-c2.tiff,img1821-c1.tiff,img1821-c3.tiff,0,0,0,16,1,2048,2048,2048,16,eLvF0GkKGy28qdqmAqXG0cKbnFAbLc7JCTVjaoUaKMPaAQBjSj4v,aa1458aabed6a988ea717072f0b29a38,3264bff5f3b6e7414c9f57917c547ce9,fd96fabeb73c819a338cae7fdc685294,nan,nan,0,nan,0,nan,nan,0,0,0,0,0,0,0,0,Z:\TAD\190603_3t3l1_timecourse\t2d\8kb_imgs,Z:\TAD\190603_3t3l1_timecourse\t2d\8kb_imgs,Z:\TAD\190603_3t3l1_timecourse\t2d\8kb_imgs,Done,65535,65535,65535,0,0,0,0.04268964158836752,0.04268964158836752,-12.70645817465411,0.4654033576622112,file:///Z:/TAD/190603_3t3l1_timecourse/t2d/8kb_imgs/img1821-c2.tiff,file:///Z:/TAD/190603_3t3l1_timecourse/t2d/8kb_imgs/img1821-c1.tiff,file:///Z:/TAD/190603_3t3l1_timecourse/t2d/8kb_imgs/img1821-c3.tiff,2048,2048,2048
-1,-1,-1,30.0,0,0,6.03125,0,17.046875,5.34375,10.140625,53.421875,img1822-c2.tiff,img1822-c1.tiff,img1822-c3.tiff,0,0,0,17,1,2048,2048,2048,17,eLvF0GkKGy28qdqmMhotvMkMtdHinJxQM6ZWqIEyrB0AZ98+Mg==,f0e2ac926fb822bcc672c0bfe338bee8,63affc2481486d47a9e80874ed5c7b40,fce9910d6e0923639a1e69a19ebcf170,nan,nan,0,nan,0,nan,nan,0,0,0,0,0,0,0,0,Z:\TAD\190603_3t3l1_timecourse\t2d\8kb_imgs,Z:\TAD\190603_3t3l1_timecourse\t2d\8kb_imgs,Z:\TAD\190603_3t3l1_timecourse\t2d\8kb_imgs,Done,65535,65535,65535,0,0,0,0.06066117784939706,0.06066117784939706,-11.916426623660477,0.6540205687966534,file:///Z:/TAD/190603_3t3l1_timecourse/t2d/8kb_imgs/img1822-c2.tiff,file:///Z:/TAD/190603_3t3l1_timecourse/t2d/8kb_imgs/img1822-c1.tiff,file:///Z:/TAD/190603_3t3l1_timecourse/t2d/8kb_imgs/img1822-c3.tiff,2048,2048,2048
-1,-1,-1,27.0,0,0,6.140625,0,16.8125,5.265625,11.140625,55.953125,img1823-c2.tiff,img1823-c1.tiff,img1823-c3.tiff,0,0,0,18,1,2048,2048,2048,18,eLvF0GkKGy28qdqmMjIeLbzJC7XR4pycUDOmVqiBMqwdAGx0PjU=,1cbf958ae38a8b2a09ee69f19cb178d5,34a04202e95ac2f891384735536fc207,db4de9c4dc07b9692c68600d6ea84439,nan,nan,0,nan,0,nan,nan,0,0,0,0,0,0,0,0,Z:\TAD\190603_3t3l1_timecourse\t2d\8kb_imgs,Z:\TAD\190603_3t3l1_timecourse\t2d\8kb_imgs,Z:\TAD\190603_3t3l1_timecourse\t2d\8kb_imgs,Done,65535,65535,65535,0,0,0,0.051490791724063456,0.051490791724063456,-12.253919095307875,0.647777848231101,file:///Z:/TAD/190603_3t3l1_timecourse/t2d/8kb_imgs/img1823-c2.tiff,file:///Z:/TAD/190603_3t3l1_timecourse/t2d/8kb_imgs/img1823-c1.tiff,file:///Z:/TAD/190603_3t3l1_timecourse/t2d/8kb_imgs/img1823-c3.tiff,2048,2048,2048
-1,-1,-1,41.0,0,0,6.609375,0,17.109375,5.171875,9.40625,48.3125,img1852-c2.tiff,img1852-c1.tiff,img1852-c3.tiff,0,0,0,19,1,2048,2048,2048,19,eLvF0GkKGy28RwvvQRFqo8U5OaFmTK1QA2VYOwB/PT5B,40d467c3e3e6fd171da8c04caf9c4c19,e4e1ab425536fa59ec1984c5f87f7531,65ea19cf409b3c5079ebd055fd7c40d0,nan,nan,0,nan,0,nan,nan,0,0,0,0,0,0,0,0,Z:\TAD\190603_3t3l1_timecourse\t4d\8kb_imgs,Z:\TAD\190603_3t3l1_timecourse\t4d\8kb_imgs,Z:\TAD\190603_3t3l1_timecourse\t4d\8kb_imgs,Done,65535,65535,65535,0,0,0,0.0868208461906761,0.0868208461906761,-12.764728006064942,0.41240302131505047,file:///Z:/TAD/190603_3t3l1_timecourse/t4d/8kb_imgs/img1852-c2.tiff,file:///Z:/TAD/190603_3t3l1_timecourse/t4d/8kb_imgs/img1852-c1.tiff,file:///Z:/TAD/190603_3t3l1_timecourse/t4d/8kb_imgs/img1852-c3.tiff,2048,2048,2048
-1,-1,-1,25.0,0,0,6.359375,0,17.6875,5.421875,10.640625,56.5625,img1853-c2.tiff,img1853-c1.tiff,img1853-c3.tiff,0,0,0,20,1,2048,2048,2048,20,eLvF0GkKGy28qVt4G48W3uSF2mhxTk6oGVMr1EAZ1g4Ag9I+RA==,90dac744b4278375bf8a345542463621,dbf37e3eba7ed3ed8fa830904a0e85aa,e5fdc5d55eddbf1b3583bcae3a58cbba,nan,nan,0,nan,0,nan,nan,0,0,0,0,0,0,0,0,Z:\TAD\190603_3t3l1_timecourse\t4d\8kb_imgs,Z:\TAD\190603_3t3l1_timecourse\t4d\8kb_imgs,Z:\TAD\190603_3t3l1_timecourse\t4d\8kb_imgs,Done,65535,65535,65535,0,0,0,0.07374068768694997,0.07374068768694997,-13.041662247935939,0.42244602491967953,file:///Z:/TAD/190603_3t3l1_timecourse/t4d/8kb_imgs/img1853-c2.tiff,file:///Z:/TAD/190603_3t3l1_timecourse/t4d/8kb_imgs/img1853-c1.tiff,file:///Z:/TAD/190603_3t3l1_timecourse/t4d/8kb_imgs/img1853-c3.tiff,2048,2048,2048
-1,-1,-1,43.0,0,0,6.546875,0,17.828125,5.71875,13.734375,54.421875,img1854-c2.tiff,img1854-c1.tiff,img1854-c3.tiff,0,0,0,21,1,2048,2048,2048,21,eLvF0GkKGy28qVt4j7apyAy10eKcnFAzplaogTKsHQCIZz5H,8d489809b5b5fd1003f8e573d28bffa8,0009230fd110fd8193dbb25faa191591,2f2815ed0cdf116990c1ceada9c2d9f8,nan,nan,0,nan,0,nan,nan,0,0,0,0,0,0,0,0,Z:\TAD\190603_3t3l1_timecourse\t4d\8kb_imgs,Z:\TAD\190603_3t3l1_timecourse\t4d\8kb_imgs,Z:\TAD\190603_3t3l1_timecourse\t4d\8kb_imgs,Done,65535,65535,65535,0,0,0,0.06473030452616513,0.06473030452616513,-12.81705749165444,0.3854034498188028,file:///Z:/TAD/190603_3t3l1_timecourse/t4d/8kb_imgs/img1854-c2.tiff,file:///Z:/TAD/190603_3t3l1_timecourse/t4d/8kb_imgs/img1854-c1.tiff,file:///Z:/TAD/190603_3t3l1_timecourse/t4d/8kb_imgs/img1854-c3.tiff,2048,2048,2048
-1,-1,-1,37.0,0,0,6.859375,0,15.484375,5.4375,13.25,51.5,img1855-c2.tiff,img1855-c1.tiff,img1855-c3.tiff,0,0,0,22,1,2048,2048,2048,22,eLvF0GkKGy28qVt4m44W3uSF2mhxTk6oGVMr1EAZ1g4AjPw+Sg==,9c4961c086604da5452e848cb5019ae6,8472cfda241e408519b1a98e7e9b31b9,9c7686d578f299586b193402f87798d2,nan,nan,0,nan,0,nan,nan,0,0,0,0,0,0,0,0,Z:\TAD\190603_3t3l1_timecourse\t4d\8kb_imgs,Z:\TAD\190603_3t3l1_timecourse\t4d\8kb_imgs,Z:\TAD\190603_3t3l1_timecourse\t4d\8kb_imgs,Done,65535,65535,65535,0,0,0,0.051099372445605695,0.051099372445605695,-12.632452544776859,0.4328003572767116,file:///Z:/TAD/190603_3t3l1_timecourse/t4d/8kb_imgs/img1855-c2.tiff,file:///Z:/TAD/190603_3t3l1_timecourse/t4d/8kb_imgs/img1855-c1.tiff,file:///Z:/TAD/190603_3t3l1_timecourse/t4d/8kb_imgs/img1855-c3.tiff,2048,2048,2048
-1,-1,-1,48.0,0,0,6.546875,0,16.3125,5.8125,12.15625,55.734375,img1857-c2.tiff,img1857-c1.tiff,img1857-c3.tiff,0,0,0,23,1,2048,2048,2048,23,eLvF0GkKGy28qVt4m48W3uSF2mhxTk6oGVMr1EAZ1g4AliY+UA==,98c4811ffcee9c9f3bcde07b789b795f,479c3dfaf2fe8ab60581849138ee17d8,db675bafef818eb1e97ac62c57bb9a65,nan,nan,0,nan,0,nan,nan,0,0,0,0,0,0,0,0,Z:\TAD\190603_3t3l1_timecourse\t4d\8kb_imgs,Z:\TAD\190603_3t3l1_timecourse\t4d\8kb_imgs,Z:\TAD\190603_3t3l1_timecourse\t4d\8kb_imgs,Done,65535,65535,65535,0,0,0,0.0437980848364532,0.0437980848364532,-12.457619177348509,0.42869775543623945,file:///Z:/TAD/190603_3t3l1_timecourse/t4d/8kb_imgs/img1857-c2.tiff,file:///Z:/TAD/190603_3t3l1_timecourse/t4d/8kb_imgs/img1857-c1.tiff,file:///Z:/TAD/190603_3t3l1_timecourse/t4d/8kb_imgs/img1857-c3.tiff,2048,2048,2048
-1,-1,-1,149.0,0,0,11.28125,0,116.171875,19.296875,42.4375,187.90625,img172-c2.tiff,img172-c1.tiff,img172-c3.tiff,0,0,0,24,1,5704,5704,5704,24,eLvF0GkKGy28qZwcRwtv8kJttDgnJ9SMqRVqoAxrBwB5gj5B,e78b217b21d0ea8afc0ffc66a5406d7e,950176be18d3e285b35a9ef69dc5019c,6e64f0a79cd452a1b7a8b3a8f61ba676,nan,nan,0,nan,0,nan,nan,0,0,0,0,0,0,0,0,Z:\TAD\190603_3t3l1_timecourse\t4h\64kb_imgs,Z:\TAD\190603_3t3l1_timecourse\t4h\64kb_imgs,Z:\TAD\190603_3t3l1_timecourse\t4h\64kb_imgs,Done,65535,65535,65535,0,0,0,0.04456441244110465,0.04456441244110465,-11.924249058336613,0.192942769368032,file:///Z:/TAD/190603_3t3l1_timecourse/t4h/64kb_imgs/img172-c2.tiff,file:///Z:/TAD/190603_3t3l1_timecourse/t4h/64kb_imgs/img172-c1.tiff,file:///Z:/TAD/190603_3t3l1_timecourse/t4h/64kb_imgs/img172-c3.tiff,5692,5692,5692
-1,-1,-1,140.0,0,0,5.71875,0,122.5625,19.640625,40.703125,207.15625,img1721-c2.tiff,img1721-c1.tiff,img1721-c3.tiff,0,0,0,25,1,5720,5720,5720,25,eLvF0GkKGy28qZ8cR0tvsoJttEAnK9iMqRVsoDxrBwCzJD7U,29bfff5fb7d3f785fe185f2e901923eb,906455d8d3c5070963f7d363fdc1f714,d700740da5b060568cd3c5e476528394,nan,nan,0,nan,0,nan,nan,0,0,0,0,0,0,0,0,Z:\TAD\190603_3t3l1_timecourse\t4h\64kb_imgs,Z:\TAD\190603_3t3l1_timecourse\t4h\64kb_imgs,Z:\TAD\190603_3t3l1_timecourse\t4h\64kb_imgs,Done,65535,65535,65535,0,0,0,0.04660577932372689,0.04660577932372689,-11.453899923628114,0.23462741955364141,file:///Z:/TAD/190603_3t3l1_timecourse/t4h/64kb_imgs/img1721-c2.tiff,file:///Z:/TAD/190603_3t3l1_timecourse/t4h/64kb_imgs/img1721-c1.tiff,file:///Z:/TAD/190603_3t3l1_timecourse/t4h/64kb_imgs/img1721-c3.tiff,5702,5702,5702
